Name,Price,Rating,Store,ProductLink
IPHONE XR 64GB SECOND-99% LIKE NEW FULLSET ORI100% GARANSIRp5.050.000Jakarta UtaraWish Phonestore(7),Rp5.050.000,5,Jakarta UtaraWish Phonestore,https://ta.tokopedia.com/promo/v1/clicks/8a-xgVY2gmUEH_JdHpjOHsUpbm-xgVY789CBUsthbm-FQRo2PcB5QiUEHZFiPcBWgZUEH_ypHAU7o_HaoZFiyRCsUsthHAnFbm-xgVYpyfYagZUEHpHFbsJ7osrdoAUFH_J7HpJDUSHp9fh5gaUEUMuNZM2jZJ2M33NGPMep_Mh-qMY2_9j78JY1qpoozV1p_S2z8JYJz_-vzVu2_JoGqMzUZMgsHBgtyfO6Q7BkQfBo8_eF_1zsHjOJz_V68jjp_9208JYJypo-q9P2y_-3o3ea69BqzsBE3_UN8u2_Z_g-qjV2_JoGP3Uao32q17jfZ32jq1NIzM2gQuBR_VzDqO21u9z6z7jF_Sjhq1NkZMBHuJON_S2z8u21u_CguJVd3MB-r7BW69BxufzFyMFNqO2yeMgxuOV2_fB-P7B2PfBiH72F3s-DPuKpeSBiHBUh3_oZgMV913Bvq1BRZ3BRq3UpZSCqHMhO3Ao6QfUpeMgxuOV2_fB-P7B2PfBs3VgDyfNDgMzIzMNs81jfZ3Fd81Nc6IPy8j-M_1yNgjOc6IPy8j-M_1o-r7BX_M2iH72D3A-G83UpgI2q17jfZ32o8jOAoIx6zVjp_7zz81OJz9x6zJOdZ3BRq3Ha_SgsQugMyp-3qcoW_MY-qMY2_320HJhk__zvzVVR_32oHjOJqRBvzVV2gBJYvZUDUSupg9-wq3ei6iUFUiFiy3hSUstiyfV7g3P5rSBwySBwrI-5gIusPmUDUMNOQ3-BrBY5gBYxgIHi6sJObm-XP3Oig9-wy3zp9R-BrZUEH_1DUMoxPVY2gIHi6BDfoZFaomFpHA1O9ZFiQBYsy3Njq3zxPcuwy3zpUstRHmFiy3-wPcupPmUEUjdibm-FQRo79fVDgaUEUMzBgiUDUSgBrSo2Qfdi6i-fHiUDUMoDP9o7g9-wq3zwPsUi6sUFo_eObm-FrMBsguYiq3ei6sJFHAnDUMP5y3hwq3ei6soY?src=directory&management_type=1&t=desktop&dv=desktop&page=1&r=https%3A%2F%2Fwww.tokopedia.com%2Fwishph%2Fiphone-xr-64gb-second-99-like-new-fullset-ori100-garansi-putih-64gb%3Fsrc%3Dtopads
iPhone XS 64GB/256GB SECOND LIKE NEW 99% MULUS FULLSET - GARANSIRp5.205.000Jakarta UtaraWish Phonestore,Rp5.205.000,0,Jakarta UtaraWish Phonestore,https://ta.tokopedia.com/promo/v1/clicks/8a-xgVY2gmUEH_JdHpjOHsUhbm-xgVY789CBUsthbm-FQRo2PcB5QiUEHiFiPcBWgZUEH_ypHAU7o_HaoZFiyRCsUsthHAnFbm-xgVYpyfYagZUEHpUabsyhHpeOHAeRHAnpHAJDUSHp9fh5gaUEUMuNZM2jZJ2M33NGPMep_Mh-qMY2_3j7HjYJz_uvuJBE_92s8JNk1_o6uJu2_JoGqMzUZMgsHBgtyfO6Q7BkQfBo8_eh_S2VHJOkgpV68j1F_32SH1NEz3BHe72a3BxDHfUpZMWyH7NkysoGQJBkQfBoe7BpZ37OPM-W_Mh-qMY2_s--HVB9_MBqqjV7_OPZQJN_HACgqBJp_VP-HjOWZ9zo8jjp_jzGQJN11MxozJgWZ3BRq3UpZSCqHMhO3A-ZQcoc69Cqe7jfZ32Cq1hAZSgsQ3hXyurOgMoUZSgqZVgkgJyNrV2AZ_g-qjV2_JoGPMoWQcNxupuMyp-tPMoc69Cqe7jfZ32Cq1hAZSxjuOgNguyNHVB9gI2-qMY23I2-HVxEeMgozsxR3AJdPOxEeMgozsxRZ3BRq3Ha_SgsQugM33NGPMep_Mh-qMY2_92-81hk39xo8BJh_1zzH7OJe92ozJu2_JoG8Bja69BqusBE3BPc8ujagfBvq1BN_Oz-P1O139PvzcWd_32oH1O1__u617tNUiFiP9oBrBY2gmUEUsnibm-xQcri6i-sy9zBgfYa8uYi8uYFrMYjP3o7UiFiQSuWyMua9fYM9fVjraUEH_1DUMNOQ3-BrBYxgIowrMuhUsthoZFiyfV79fBjraUE3pyObAU7bAHFo_uPbm-X9foxQMz2gcV7guYxgIHi6srFbm-xyBY7g9o7Usti_iUDUSC5rRzwy3hSUstigcuMUiFiPMuarfB5QiUEUSyaUiFiyfhOrRzBrBY2gVYfHiUEope7bm-FrMBsguYiq3ei6sJFHAnDUMP5y3hwq3ei6soY?page=1&src=directory&management_type=1&dv=desktop&t=desktop&r=https%3A%2F%2Fwww.tokopedia.com%2Fwishph%2Fiphone-xs-64gb-256gb-second-like-new-99-mulus-fullset-garansi-hitam-64gb%3Fsrc%3Dtopads
HP BARU HP JADUL NOKIA 105 2017 DUAL SIM CARD GARANSI PROMO DISKONRp135.000Jakarta PusatSultan Gadget 1(24),Rp135.000,5,Jakarta PusatSultan Gadget 1,https://ta.tokopedia.com/promo/v1/clicks/8a-xgVY2gmUEH_Uh6AefHAHdbm-xgVY789CBUsthbm-FQRo2PcB5QiUEHaFiPcBWgZUEH_ypHAU7o_HaoZFiyRCsUstfHAnDUMVj9RosQR-BUstpH_yXo_ya6_yFHAHFHAJd6ZFirpowQcYSUstig9BGqMzUZMggQj2fgAo6QJBkQfBo1pzN_7zCHjO1z9Pvucra_320H1Okz_C-q9P23_oZ8uKp_Mhg3J2ky1o-ojBk19uvuJ1h_BzVHJN1qRBvuJOE_OzzoJB2PfBxHByOgAUN8u2c692gHsBN3Bo-ojBke3BHe72OysUOqB2_Z_g-qMz2_jPcqBBW39PHuch03BzuPJNIZ_C68_V2_M2Gq1h1_9B68BVN3BzuHVB1e9xqq1BpZ37N83V9gICiQAB03BxmgMV913Bvq1BRZ3BRq3UpZSCqHMhO3Aom83Ua1sVgHO-MyuPzq1Y2Z9P-q9P2ysoGrVtaQIuyH7N5ysomgMV913Bvq1BRZ3BRq3oyuMhsQMhMgJPcQMoNZ_g-QAxN_jydPOxEeMgozsBM_1ydPOxEeMgoe7BpZ3N6qMUpZMhyHj2Nysoj8B2_Z_g-qjOd_Mj7H1NkZ_u6qjVR_92CP7O1gpu-q9P2yp-6PMoWuMgsHBgtyfO6Q7BkQfBoqMrh_c2uH1NJqpCoucHO_92SoJOJZ3BM1_7YUiFiP9oBrBY2gmUEUsnibm-xQcri6i-sy9zBgfYa8uYi8uYFrMYjP3o7UiFiQSuWyMua9fYM9fVjraUEH_1DUMNOQ3-BrBYxgIowrMuhUsthoZFiyfV79fBjraUE3pyObAU7bAHFo_xPbm-X9foxQMz2gcV7guYxgIHi6srFbm-xyBY7g9o7Usti_iUDUSC5rRzwy3hSUstigcuMUiFiPMuarfB5QiUEUSyaUiFiyfhOrRzBrBY2gVYfHiUEH_rN6AHDUSCaq3oB9f-2gmUEosnFbm-SQfVD9fBjUstpwe?t=desktop&dv=desktop&management_type=1&src=directory&page=1&r=https%3A%2F%2Fwww.tokopedia.com%2Fsultangadget1%2Fhp-baru-hp-jadul-nokia-105-2017-dual-sim-card-garansi-promo-diskon%3Fsrc%3Dtopads
HP HANDPHONE NOKIA 106 2018 JADUL BARU NEW DUAL SIM TERMURAH MURAH 2Rp137.900Jakarta PusatToko Absolute 1(443),Rp137.900,5,Jakarta PusatToko Absolute 1,https://ta.tokopedia.com/promo/v1/clicks/8a-xgVY2gmUE6AHaHAeFHpeDUMVj9RzNrc1i6sJDUSC5rfB7q3YXUst7bm-7q3OBUsthosHFHseOHpUObm-srcHi6seOHmFiy3zwrfo5rM1i6sHhoZdFH_KfopKhHpnOHAHpoiFirpowQcYSUstig9BGqMzUZMggQj2fgAo6QJBkQfBo1pzR_BzsP7YJZ_C6uJjF_92V81YJqp--q9P23_oZ8uKp_Mhg3J2ky1o-ojBkZ9u6qjjF_M2s8JY1z_-ozJuR_jz0oJYAZ9o-Q9zDguxjPMoW1MgsHjNfyfOuq1Y2Z9P-q9P2yM7NPujau3Bvq1jp332ZqVjaZMOoepnO3jPuH1h11MB6zco7332g8uB2HI2oqMHF_3OuH1NIz9PouOB2_JoGPMoWQcNxupuM3jP3POKaQcW-qMY2_1o-r7BW69BxufzFyMFNPfoW63Wju7dF3A-Dq7BkQfBoe7BpZ37N83V9gICiQABEy1rNPOKaQcW-qMY2_1o-r7BXzsVq3JtO3AoZqVtp_3Bvq12M_32ZgjOc6IPy8j-M3I2mgjOc6IPy8jV2_JoG8Bja69BqusB2yf7NHfHau3Bvq1BE_uzuP1OJz_z6qMH7_uzoP7N1e92o8BB2_JoG8Bja69BqusBE3BPc8ujagfBvq1BN_S2-P1YJu9B6uJjF_jzC8JY1gpo6q1tNUiFiP9oBrBY2gmUEUsnibm-xQcri6i-sy9zBgfYa8uYi8uYFrMYjP3o7UiFiQSuWyMua9fYM9fVjraUEH_1DUMNOQ3-BrBYxgIowrMuhUsthoZFiyfV79fBjraUE3pyObAU7bAHFo_xPbm-X9foxQMz2gcV7guYxgIHi6srFbm-xyBY7g9o7Usti_iUDUSC5rRzwy3hSUstigcuMUiFiPMuarfB5QiUEUSyaUiFiyfhOrRzBrBY2gVYfHiUEH_rN6AHDUSCaq3oB9f-2gmUEoA1Fbm-SQfVD9fBjUstpwe?r=https%3A%2F%2Fwww.tokopedia.com%2Ftoko-absolute%2Fhp-handphone-nokia-106-2018-jadul-baru-new-dual-sim-termurah-murah-2-hitam%3Fsrc%3Dtopads&dv=desktop&src=directory&t=desktop&page=1&management_type=1
iPhone X 64GB/256GB SECOND 99% MULUS LIKE NEW ORIGINAL Fullset-GARANSIRp4.720.000Jakarta UtaraWish Phonestore(2),Rp4.720.000,5,Jakarta UtaraWish Phonestore,https://ta.tokopedia.com/promo/v1/clicks/8a-xgVY2gmUEH_JdHpjOHsUabm-xgVY789CBUsthbm-FQRo2PcB5QiUEoZFiPcBWgZUEH_ypHAU7o_HaoZFiyRCsUsthHAnFbm-xgVYpyfYagZUEHpJabseOH_eF6_nfHAjNo_rDUSHp9fh5gaUEUMuNZM2jZJ2M33NGPMep_Mh-qMY2_3j781NJyRxvuJuR_uzV81OEu_u6uVu2_JoGqMzUZMgsHBgtyfO6Q7BkQfB6q_zN_M20H1Y1Z_C68BjF_7z0P7OkyfBHe72a3BxDHfUpZMWyH7NkysoGQJBkQfBoe7BpZ37OPM-W_Mh-qMY2_s--HVB9_MBqqjV7_OPZQJN_HACgqBJp_VP-HjOWZ9zo8jjp_jzGQJN11MxozJgWZ3BRq3UpZSCqHMhO3A-ZQcoc69Cqe7jfZ32Cq1hAZSgsQ3hXyurOgMoUZSgqZVgkgJyNrV2AZ_g-qjV2_JoGPMoWQcNxupuMyp-tPMoc69Cqe7jfZ32Cq1hAZSxjuOgNguyNHVB9gI2-qMY23I2-HVxEeMgozsxR3AJdPOxEeMgozsxRZ3BRq3Ha_SgsQugM33NGPMep_Mh-qMY2_92V81hk1_VouVVR_OzCHjOJqpu6uco2_JoG8Bja69BqusBE3BPc8ujagfBvq1BN_Oz-P1NJgRPvzcWE_32sP7Y1qRPvzVB2gBJYvZUDUSupg9-wq3ei6iUFUiFiy3hSUstiyfV7g3P5rSBwySBwrI-5gIusPmUDUMNOQ3-BrBY5gBYxgIHi6sJObm-XP3Oig9-wy3zp9R-BrZUEH_1DUMoxPVY2gIHi6BDfoZFaomFpHA1O9ZFiQBYsy3Njq3zxPcuwy3zpUstRHmFiy3-wPcupPmUEUjdibm-FQRo79fVDgaUEUMzBgiUDUSgBrSo2Qfdi6i-fHiUDUMoDP9o7g9-wq3zwPsUi6sr7omFirI-2yfuwyMBjUsthHAnFbm-SQfVD9fBjUstpwe?dv=desktop&src=directory&t=desktop&r=https%3A%2F%2Fwww.tokopedia.com%2Fwishph%2Fiphone-x-64gb-256gb-second-99-mulus-like-new-original-fullset-garansi-hitam-64gb%3Fsrc%3Dtopads&page=1&management_type=1
"Xiaomi Redmi 9A 2/32 ~ 3/32 GB Garansi Resmi , IMEI TerdaftarRp1.189.000Jakarta Baratduniagadgetku(1078)",Rp1.189.000,5,Jakarta Baratduniagadgetku,https://www.tokopedia.com/duniagadgetku/xiaomi-redmi-9a-2-32-3-32-gb-garansi-resmi-imei-terdaftar-2-32-blue?whid=0
Xiaomi Official Poco X3 NFC 8/128GB Snapdragon™ 732G Mi SmartphoneRp3.299.000Kab. TangerangXiaomi Official Store(1958)Bisa Tukar Tambah,Rp3.299.000,5,Kab. TangerangXiaomi Official Store,https://www.tokopedia.com/xiaomi/xiaomi-official-poco-x3-nfc-8-128gb-snapdragon-732g-mi-smartphone-shadow-grey?whid=0
Evercoss Xtream 1 (S45)Rp479.000Jakarta UtaraEVERCOSS OFFICIAL STORE(54)Bisa Tukar Tambah,Rp479.000,5,Jakarta UtaraEVERCOSS OFFICIAL STORE,https://www.tokopedia.com/evercoss/evercoss-xtream-1-s45-hitam?whid=0
infinix hot 10 play 4/64Rp1.526.000Jakarta UtaraEN.Harry phone(473),Rp1.526.000,5,Jakarta UtaraEN.Harry phone,https://www.tokopedia.com/enharry/infinix-hot-10-play-4-64-random?whid=0
iphone XR 128GB 64GB SECOND ORIGINAL 100% LIKE NEW| MULUS NORMAL FULLSRp5.198.000Jakarta Pusatoscar68(181),Rp5.198.000,5,Jakarta Pusatoscar68,https://www.tokopedia.com/oscar68/iphone-xr-128gb-64gb-second-original-100-like-new-mulus-normal-fulls-red-64-gb?whid=0
Iphone XS 512gb Bekas FullsetRp6.750.000Jakarta BaratBoboy Store(27),Rp6.750.000,5,Jakarta BaratBoboy Store,https://ta.tokopedia.com/promo/v1/clicks/8a-xgVY2gmUEH_nhosKF6Aefbm-xgVY789CBUsthbm-FQRo2PcB5QiUEHZFiPcBWgZUEH_ypHAU7o_Ha6mFiyRCsUstfHAnDUMVj9RosQR-BUstpHA1XHsKNHsjFHpj7o_HhoiFirpowQcYSUstig9BGqMzUZMggQj2fgAo6QJBkQfBoq_zE_Ozu81OJqpVvzJJ7_92S8jOk__--q9P23_oZ8uKp_Mhg3J2ky1o-ojBk19uoqMoE_BzCHJOkyR26uJJF_32s8jB2PfBxHByOgAUN8u2c692gHsBN3Bo-ojBke3BHe72OysUOqB2_Z_g-qjNt_Oz0H1OIZMWHuOJO_3OgPJNI3_u68_n7_jPV81h1u_oqz72D_uzqq1NWu_Vqe7BpZ37N83V9gICiQAB03BxmgMV913Bvq1BRZ3BRq3UpZSCqHMhO3Aom83Ua1sVgHO-MyuPzq1Y2Z9P-q9P2ysoGrVtaQIuyH7N5ysomgMV913Bvq1BRZ3BRq3oyuMhsQMhMgJPcQMoNZ_g-QAxN_jydPOxEeMgozsBM_1ydPOxEeMgoe7BpZ3N6qMUpZMhyHj2Nysoj8B2_Z_g-qjOR_BH781YJqRBvuJVE_OzzH1OEz_--q9P2yp-6PMoWuMgsHBgtyfO6Q7BkQfBoqMHp_c2-HjOEqpzo8Mra_1zsH1NE3_--QsnYUiFiP9oBrBY2gmUEUsnibm-xQcri6i-sy9zBgfYa8uYi8uYFrMYjP3o7UiFiQSuWyMua9fYM9fVjraUEH_1DUMNOQ3-BrBYxgIowrMuhUsthoZFiyfV79fBjraUE3pyObAU7bAHFo_uPbm-X9foxQMz2gcV7guYxgIHi6srFbm-xyBY7g9o7Usti_iUDUSC5rRzwy3hSUstigcuMUiFiPMuarfB5QiUEUSyaUiFiyfhOrRzBrBY2gVYfHiUEope7bm-FrMBsguYiq3ei6syFHmFigfYxQVY2gmUEHR7?page=2&t=desktop&r=https%3A%2F%2Fwww.tokopedia.com%2Flionelboy%2Fiphone-xs-512gb-bekas-fullset-grey%3Fsrc%3Dtopads&src=directory&management_type=1&dv=desktop
REDMI 5A 3GB RAM 32GB ROMRp734.000Kab. TangerangHideandseek(169),Rp734.000,5,Kab. TangerangHideandseek,https://ta.tokopedia.com/promo/v1/clicks/8a-xgVY2gmUEopKRosnFos1DUMVj9RzNrc1i6sJDUSC5rfB7q3YXUstabm-7q3OBUsthosHFHseOHpUdbm-srcHi6syFHmFiy3zwrfo5rM1i6sHFomdOoAjpopjNHAy76_Kpbm-pHOYDQfri6i-B812kgJxGgBBXZSgjH7NDZ325q1O_oAoouJuR_Bzs8jOJ19B68MHa_jzo8JB2PfBgHO-N3Ao6QVByZM2xe7jfZ32uP1NEe_-ouJ7F_1z0HJO1u9xoqjuEZ3BRq3JausujHsBN3jyN8Bja69Bq17jfZ32Cq1hAZSuiHsuk3Bo-ojBk_MxvucDh_1PGq7h91_uoQuB7_jPgo1NNHAz6z7uN_VzuHO2IZMhouV22_MOuHu2AZ9o-Q_BNyuPjrc-D63Wq3J-MyuPzq1Y2Z9P-q9P2ysoGrVtaQIuyH7-Nys-ZHujp1MgxuOV2_fB-P7B2PfBiH72F3s-DPuKp_MYiH7-MyuPzq1Y2Z9P-q9P2yOx3QcoXQcgjz7gXyRB-ojBD6IB6zsxR3I2mgjOc63gozsxR3I2mgjOAZ9o-QjNkysoGQVKaZSBiHfzE3Bo-ojBk_9P6epeh_jz08jNEqpuozVjF_OzS8jB2PfBsHjNfyfO3gMHauMxsQ1N5Z325q1OkgpCHqj17_32uHJNJe9BoqMHa_uzsHjBXHA7ibm-Orfua9fBjUstiHmUDUMVDgaUEUMoxPcuSQR-N9f-N9RCaQfzOyReibm-XP3Oig9-wQfgwy3zpUsthoZFiQSuWyMua9fVjrOYag9Ji6sJObm-sy9zwq3zpUs2Qos1DHseDHpnOoV7DUMNwyfVXgcBjy9zB9fVjraUEopnDUMVi9RzBrRei6i-6UiFircYpPVYxQcri6i-jg3yibm-fg9-pq3YXUstiPsUibm-sQIupPcua9fBj9RyaUsth6AHRHmFirI-2yfuwyMBjUstfHAnDUMP5y3hwq3ei6soY?src=directory&management_type=1&page=2&dv=desktop&r=https%3A%2F%2Fwww.tokopedia.com%2Fhideandseek-1%2Fredmi-5a-3gb-ram-32gb-rom-abu-abu-3-32gb%3Fsrc%3Dtopads&t=desktop
APPLE IPHONE 7 128GB ROSEGOLD GARANSI DISTRIBUTOR 1 TAHUNRp2.700.000Jakarta PusatELEPHONE(113),Rp2.700.000,5,Jakarta PusatELEPHONE,https://ta.tokopedia.com/promo/v1/clicks/8a-xgVY2gmUEoAUFH_nhosrDUMVj9RzNrc1i6sJDUSC5rfB7q3YXUstpbm-7q3OBUsthosHFHseOHpUdbm-srcHi6s1FHmFiy3zwrfo5rM1i6sHFomd7HpHFosHa6AJRopjDUSHp9fh5gaUEUMuNZM2jZJ2M33NGPMep_Mh-qMY2_3j78jO11_zouVJ7_uzzoJO11_zouVu2_JoGqMzUZMgsHBgtyfO6Q7BkQfBo8_ea_uz0o1OJqpVozJBN_M2-HJNJ13BHe72a3BxDHfUpZMWyH7NkysoGQJBkQfBoe7BpZ37OPM-W_Mh-qMY2__-Vo1Y1u9PgQuV73jz08u22HACqqMDp_VzSHVB1Z9z6ucz033Ou8JNWZ_-quVg0Z3BRq3UpZSCqHMhO3A-ZQcoc69Cqe7jfZ32Cq1hAZSgsQ3hXyurOgMoUZSgqZVgkgJyNrV2AZ_g-qjV2_JoGPMoWQcNxupuMyp-tPMoc69Cqe7jfZ32Cq1hAZSxjuOgNguyNHVB9gI2-qMY23I2-HVxEeMgozsxR3AJdPOxEeMgozsxRZ3BRq3Ha_SgsQugM33NGPMep_Mh-qMY2_92CHJhk192o8jJa_92-oJO1ypov17BpZ3N6qMUpZMhyH7ND3uxGqMVAZ_g-qjj7_1H7P7NEe926uVBN_jz0HJNEe_z-QsnYUiFiP9oBrBY2gmUEUsnibm-xQcri6i-sy9zBgfYa8uYi8uYFrMYjP3o7UiFiQSuWyMua9fYM9fVjraUEH_1DUMNOQ3-BrBYxgIowrMuhUsthoZFiyfV79fBjraUE3pyObAU7bAHFo_uPbm-X9foxQMz2gcV7guYxgIHi6srFbm-xyBY7g9o7Usti_iUDUSC5rRzwy3hSUstigcuMUiFiPMuarfB5QiUEUSyaUiFiyfhOrRzBrBY2gVYfHiUEH_UaHsJDUSCaq3oB9f-2gmUEo_nFbm-SQfVD9fBjUstpwe?src=directory&page=2&t=desktop&r=https%3A%2F%2Fwww.tokopedia.com%2Felephone1414%2Fapple-iphone-7-128gb-rosegold-garansi-distributor-1-tahun-silver-128gb%3Fsrc%3Dtopads&dv=desktop&management_type=2
Iphone 11 64gb Bekas FullsetRp7.800.000Jakarta BaratBoboy Store(166),Rp7.800.000,5,Jakarta BaratBoboy Store,https://ta.tokopedia.com/promo/v1/clicks/8a-xgVY2gmUEos1dH_jdo_1DUMVj9RzNrc1i6sJDUSC5rfB7q3YXUst7bm-7q3OBUsthosHFHseOHpUdbm-srcHi6syFHmFiy3zwrfo5rM1i6sHFomdaH_HfosrFoAHhHsUOomFirpowQcYSUstig9BGqMzUZMggQj2fgAo6QJBkQfBo81BpZ3O6HcoD692qu7gN3_-Sq1Y2Z_VHqB1h_BzuH1N1u_V6uV1h_BzuH1N_Z9o-Q9zDguxjPMoW1MgsHjNfyfOuq1Y2Z9P-q9P2yM7NPujau3Bvq1BE3uz0o1N1eMBqepV0_OzGQ1h11MOvuco7_7zZqJO2HAV6HB-23BzVHBBk3Mh6uOV2_JoGPMoWQcNxupuM3jP3POKaQcW-qMY2_1o-r7BW69BxufzFyMFNPfoW63Wju7dF3A-Dq7BkQfBoe7BpZ37N83V9gICiQABEy1rNPOKaQcW-qMY2_1o-r7BXzsVq3JtO3AoZqVtp_3Bvq12M_32ZgjOc6IPy8j-M3I2mgjOc6IPy8jV2_JoG8Bja69BqusB2yf7NHfHau3Bvq1BE_1zzP1Okz926qBjp_1zz8jO1Z9B6uVV2_JoG8Bja69BqusBE3BPc8ujagfBvq1BN_S20P1OJe_zvuVJa_Oz081OE3_C6e7tNUiFiP9oBrBY2gmUEUsnibm-xQcri6i-sy9zBgfYa8uYi8uYFrMYjP3o7UiFiQSuWyMua9fYM9fVjraUEH_1DUMNOQ3-BrBYxgIowrMuhUsthoZFiyfV79fBjraUE3pyObAU7bAHFo_uPbm-X9foxQMz2gcV7guYxgIHi6srFbm-xyBY7g9o7Usti_iUDUSC5rRzwy3hSUstigcuMUiFiPMuarfB5QiUEUSyaUiFiyfhOrRzBrBY2gVYfHiUEope7bm-FrMBsguYiq3ei6syFHmFigfYxQVY2gmUEHR7?page=2&dv=desktop&r=https%3A%2F%2Fwww.tokopedia.com%2Flionelboy%2Fiphone-11-64gb-bekas-fullset-black%3Fsrc%3Dtopads&src=directory&management_type=1&t=desktop
REALME 2 PRO 4/64GB - FULLSET - GRADE BRp1.450.000Jakarta PusatSinar Mutiara Official Store,Rp1.450.000,0,Jakarta PusatSinar Mutiara Official Store,https://ta.tokopedia.com/promo/v1/clicks/8a-xgVY2gmUEH_UaoAeNoAjNbm-xgVY789CBUsthbm-FQRo2PcB5QiUEoZFiPcBWgZUEH_ypHAU7o_Ha6mFiyRCsUstfHAnDUMVj9RosQR-BUstpHAHXoArh6AnhHAja6A1R6A1DUSHp9fh5gaUEUMuNZM2jZJ2M33NGPMep_Mh-qMY2_9j78jN1u_oozVJa_Ozso1YJ3_V68MoNZ3BRqujp1SByH7ND3uxGqMVAZ_g-qjOO_Oz-8JN13_z6qjjp_jzuP7Y1gRPoq1BpZ3O7QcuygIgsQu-Myp-6PMoWu3Bvq1BRZ3BRq3-W69ugHBu2_fB-8BB1qpu6uJ-23jHhq7Y1ZMOHuV-W_OzsPJYJ1Mxoq_nh_s-Zqu21z_-gqB2D_BPzq1hAZSgsQ3hXyurOgB2IuSPyHMh0Z325q1OAZ9o-Q_BNyuPjrc-D69PsQ_B0gVP6HVKaQcW-qMY2_1o-r7BW69BxufzFyMFN8MVI69PyHMh0Z325q1OAZ9o-Qjyh3BxGouKp1MxqH7O2_fBGgjOk1MgozsxR3I2mgBxEeMgozsxR3I2Cq1hAZS2gHsBN3ByNq3oW6_osHBu2_fB-8jOJ_9u6zcod_7zC8JOJqRBvzV1p_7zuq1hAZS2gHsBN3ByN8B29zSBgHMP2_fB-81NEu9uouJVN_7zV8JOk39x68MrFZ3dFvZUDUSupg9-wq3ei6iUFUiFiy3hSUstiyfV7g3P5rSBwySBwrI-5gIusPmUDUMNOQ3-BrBY5gBYxgIHi6sJObm-XP3Oig9-wy3zp9R-BrZUEH_1DUMoxPVY2gIHi6BDfoZFaomFpHA179ZFiQBYsy3Njq3zxPcuwy3zpUstRHmFiy3-wPcupPmUEUjdibm-FQRo79fVDgaUEUMzBgiUDUSgBrSo2Qfdi6i-fHiUDUMoDP9o7g9-wq3zwPsUi6sJ7opJFbm-FrMBsguYiq3ei6syFHmFigfYxQVY2gmUEHR7?src=directory&management_type=2&t=desktop&r_replacement=new&r=https%3A%2F%2Fwww.tokopedia.com%2Fsinarmutiaraofficial%2Frealme-2-pro-4-64gb-fullset-grade-b%3Fsrc%3Dtopads&page=2&dv=desktop
Infinix Hot 10s 4/64GB + 6/128GB Garansi ResmiRp1.699.000Jakarta Baratduniagadgetku(187),Rp1.699.000,5,Jakarta Baratduniagadgetku,https://www.tokopedia.com/duniagadgetku/infinix-hot-10s-4-64gb-6-128gb-garansi-resmi-4-64-green?whid=0
Xiaomi Poco M3 4/64 GB Garansi ResmiRp1.869.000Jakarta PusatGudang-HP(669)Bisa Tukar Tambah,Rp1.869.000,5,Jakarta PusatGudang-HP,https://www.tokopedia.com/gudang-hp/xiaomi-poco-m3-4-64-gb-garansi-resmi-kuning?whid=0
INFINIX HOT 10s 4/64 GB - GARANSI RESMIRp1.680.000Jakarta TimurWahana Selular(145)Bisa Tukar Tambah,Rp1.680.000,5,Jakarta TimurWahana Selular,https://www.tokopedia.com/wahanaselular/infinix-hot-10s-4-64-gb-garansi-resmi-purple?whid=0
Xiaomi Redmi 9c Ram 4 Rom 64 GB Garansi ResmiRp1.572.000Jakarta PusatBest Phone Cell(774)Bisa Tukar Tambah,Rp1.572.000,5,Jakarta PusatBest Phone Cell,https://www.tokopedia.com/best-phone-cell/xiaomi-redmi-9c-ram-4-rom-64-gb-garansi-resmi-biru?whid=0
INFINIX HOT 10S RAM 6/128 GARANSI RESMIRp2.005.000TangerangBintang Terang Cell(211)Bisa Tukar Tambah,Rp2.005.000,5,TangerangBintang Terang Cell,https://www.tokopedia.com/btc888/infinix-hot-10s-ram-6-128-garansi-resmi-green-nongift?whid=0
PROMO HP OPPO F5 RAM 4GB 64GB GARANSI 1 TAHUN DISTRIBUTOR | OPPO F5Rp1.149.000Jakarta Utaratoko samsul huda(22),Rp1.149.000,5,Jakarta Utaratoko samsul huda,https://ta.tokopedia.com/promo/v1/clicks/8a-xgVY2gmUEH_Uposr7H_nFbm-xgVY789CBUsthbm-FQRo2PcB5QiUEHZFiPcBWgZUEH_ypHAU7o_Ha6mFiyRCsUst7HAnDUMVj9RosQR-BUsta6_jX6_raHsyF6_1RHAKhHAyDUSHp9fh5gaUEUMuNZM2jZJ2M33NGPMep_Mh-qMY2_9j7P7OEqpo6uJJh_7zzH1NkypCoqjJFZ3BRqujp1SByH7ND3uxGqMVAZ_g-qjud_c2o81YJqpo6qjVE_jzSH1YJ__z681BpZ3O7QcuygIgsQu-Myp-6PMoWu3Bvq1BRZ3BRq3-W69ugHBu2_fB-81NI3_z6zVjF_MjFHBB9uMxHuVJh_7zuPVB91_uoepV2_jPcQJ7az9BoHjN03uzsq1hAZSgsQ3hXyurOgB2IuSPyHMh0Z325q1OAZ9o-Q_BNyuPjrc-D69PsQ_B0gVP6HVKaQcW-qMY2_1o-r7BW69BxufzFyMFN8MVI69PyHMh0Z325q1OAZ9o-Qjyh3BxGouKp1MxqH7O2_fBGgjOk1MgozsxR3I2mgBxEeMgozsxR3I2Cq1hAZS2gHsBN3ByNq3oW6_osHBu2_fB-81Y1qRuvucoN_32gP7Y1u_oozcPd_1zgq1hAZS2gHsBN3ByN8B29zSBgHMP2_fB-81Y1qRuoucrF_32SHJOkgR26uJOd_1zzq3gzv_7ibm-Orfua9fBjUstiHmUDUMVDgaUEUMoxPcuSQR-N9f-N9RCaQfzOyReibm-XP3Oig9-wQfgwy3zpUsthoZFiQSuWyMua9fVjrOYag9Ji6sJObm-sy9zwq3zpUs2Qos1DHseDHpnOoV7DUMNwyfVXgcBjy9zB9fVjraUEopnDUMVi9RzBrRei6i-6UiFircYpPVYxQcri6i-jg3yibm-fg9-pq3YXUstiPsUibm-sQIupPcua9fBj9RyaUstpo_Jp6ZFirI-2yfuwyMBjUst7HAnDUMP5y3hwq3ei6soY?dv=desktop&r=https%3A%2F%2Fwww.tokopedia.com%2Ftokosamsulhuda%2Fpromo-hp-oppo-f5-ram-4gb-64gb-garansi-1-tahun-distributor-oppo-f5-gold-oppo-f5-4-32gb%3Fsrc%3Dtopads&t=desktop&page=3&management_type=1&src=directory
Hp SAMSUNG LIPAT E1272 TERMURAH dual sim 2 Garansi DistributorRp155.000Tangerangsodo shop(243),Rp155.000,5,Tangerangsodo shop,https://ta.tokopedia.com/promo/v1/clicks/8a-xgVY2gmUEoAJf6_1RHpKDUMVj9RzNrc1i6sJDUSC5rfB7q3YXUstabm-7q3OBUsthosHFHseOHpUdbm-srcHi6seFHmFiy3zwrfo5rM1i6sUN6ZdfHprpHsnFH_e7oAJpomFirpowQcYSUstig9BGqMzUZMggQj2fgAo6QJBkQfBoq_zE_92o8jOE_92o8jOE_92o8jOE__V-q9P23_oZ8uKp_Mhg3J2ky1o-ojBk_9uozJOR_92C8jOJ_9Po8jVE_1zoP7ONZ9o-Q9zDguxjPMoW1MgsHjNfyfOuq1Y2Z9P-q9P2yM7NPujau3Bvq1BN_jPgoJNJ3_C6q_na3uP3qJh11_VvzVu73uPzo1OAH3B6z7gD__-V817a_MWguco2_JoGPMoWQcNxupuM3jP3POKaQcW-qMY2_1o-r7BW69BxufzFyMFNPfoW63Wju7dF3A-Dq7BkQfBoe7BpZ37N83V9gICiQABEy1rNPOKaQcW-qMY2_1o-r7BXzsVq3JtO3AoZqVtp_3Bvq12M_32ZgjOc6IPy8j-M3I2mgjOc6IPy8jV2_JoG8Bja69BqusB2yf7NHfHau3Bvq1BN_Oz0P1Nk__oo8jBR_1zVHJNJ19xo8BV2_JoG8Bja69BqusBE3BPc8ujagfBvq1BN_S2SP1OJgRPoucDh_S2z8jO1u92v17tNUiFiP9oBrBY2gmUEUsnibm-xQcri6i-sy9zBgfYa8uYi8uYFrMYjP3o7UiFiQSuWyMua9fYM9fVjraUEH_1DUMNOQ3-BrBYxgIowrMuhUsthoZFiyfV79fBjraUE3pyObAU7bAHFo_xPbm-X9foxQMz2gcV7guYxgIHi6srFbm-xyBY7g9o7Usti_iUDUSC5rRzwy3hSUstigcuMUiFiPMuarfB5QiUEUSyaUiFiyfhOrRzBrBY2gVYfHiUEH_yfHAnDUSCaq3oB9f-2gmUEoAnFbm-SQfVD9fBjUstpwe?dv=desktop&src=directory&page=3&management_type=1&r=https%3A%2F%2Fwww.tokopedia.com%2Fsodo-shop%2Fhp-samsung-lipat-e1272-termurah-dual-sim-2-garansi-distributor-hitam-a056%3Fsrc%3Dtopads&t=desktop
samsung a6 2018Rp1.600.000Jakarta Pusatkapuas cellular,Rp1.600.000,0,Jakarta Pusatkapuas cellular,https://ta.tokopedia.com/promo/v1/clicks/8a-xgVY2gmUEH_UpHpUpoAydbm-xgVY789CBUsthbm-FQRo2PcB5QiUEHaFiPcBWgZUEH_ypHAU7o_Ha6mFiyRCsUstRHAnDUMVj9RosQR-BUsta6_jXo_edopHN6A1hH_KaHsHDUSHp9fh5gaUEUMuNZM2jZJ2M33NGPMep_Mh-qMY2_uzCP1N1Z_-o8j1h_S2So1NJyR26qMPEZ3BRqujp1SByH7ND3uxGqMVAZ_g-qjuO_32S81OJu9xoqMPN_1zu8JOkgRB-q9P2y_-3o3ea69BqzsBE3_UN8u2_Z_g-qjV2_JoGP3Uao32q17jfZ32-HV2kgpC6qBJa_VzqqV29z9z6zV17_BHhqV2JqRPHu7jF3uPu8BB1Z92gHB-t_SB-r7BW69BxufzFyMFNqO2yeMgxuOV2_fB-P7B2PfBiH72F3s-DPuKpeSBiHBUh3_oZgMV913Bvq1BRZ3BRq3UpZSCqHMhO3Ao6QfUpeMgxuOV2_fB-P7B2PfBs3VgDyfNDgMzIzMNs81jfZ3Fd81Nc6IPy8j-M_1yNgjOc6IPy8j-M_1o-r7BX_M2iH72D3A-G83UpgI2q17jfZ32-o1Y_oAV6zcrp_920oJN1z9xvzJBN_9B-r7BX_M2iH72D3Ao6QVByZM2xe7jfZ32-oJO_oA-6qjjO_Bzzo1N1e_zvuV1p_SBG6ZUDUSupg9-wq3ei6iUFUiFiy3hSUstiyfV7g3P5rSBwySBwrI-5gIusPmUDUMNOQ3-BrBY5gBYxgIHi6sJObm-XP3Oig9-wy3zp9R-BrZUEH_1DUMoxPVY2gIHi6BDfoZFaomFpHA1d9ZFiQBYsy3Njq3zxPcuwy3zpUstRHmFiy3-wPcupPmUEUjdibm-FQRo79fVDgaUEUMzBgiUDUSgBrSo2Qfdi6i-fHiUDUMoDP9o7g9-wq3zwPsUi6sr7HpeDUMPaQRuF9Ro7rMV7g3PNUs2QHu7DUSCaq3oB9f-2gmUEopnFbm-SQfVD9fBjUstpwe?dv=desktop&t=desktop&src=directory&r=https%3A%2F%2Fwww.tokopedia.com%2Fkapuascellular%2Fsamsung-a6-2018%3Fsrc%3Dtopads&page=3&management_type=1
OnePlus 9 One Plus 9 5G RAM 8GB 256GB / 128GB SD888 Garansi 1 TahunRp9.550.000Jakarta Baratchocoapple(2),Rp9.550.000,5,Jakarta Baratchocoapple,https://ta.tokopedia.com/promo/v1/clicks/8a-xgVY2gmUEH_ndos17osJabm-xgVY789CBUsthbm-FQRo2PcB5QiUEomFiPcBWgZUEH_ypHAU7o_Ha6mFiyRCsUstOo_nDUMVj9RosQR-BUsta6_KX6_rOoAeRopHpHAyOoiFirpowQcYSUstig9BGqMzUZMggQj2fgAo6QJBkQfBoq_ep_32-H1O1_9PvzcWR_1zu81OEu_C-q9P23_oZ8uKp_Mhg3J2ky1o-ojBkqRuo8Bjp_1zSoJNke_o6ucDF_OzoH7B2PfBxHByOgAUN8u2c692gHsBN3Bo-ojBke3BHe72OysUOqB2_Z_g-qjjF3M2SHJNk1_-HuV2t3BPVPJNJu_z61pVt3jz0P7h9Z_CguOuE3uz-8Bja1Mx681BpZ37N83V9gICiQAB03BxmgMV913Bvq1BRZ3BRq3UpZSCqHMhO3Aom83Ua1sVgHO-MyuPzq1Y2Z9P-q9P2ysoGrVtaQIuyH7N5ysomgMV913Bvq1BRZ3BRq3oyuMhsQMhMgJPcQMoNZ_g-QAxN_jydPOxEeMgozsBM_1ydPOxEeMgoe7BpZ3N6qMUpZMhyHj2Nysoj8B2_Z_g-qjjO_7H7o1NEu_C6zcHp_92oP7Nku_--q9P2yp-6PMoWuMgsHBgtyfO6Q7BkQfBoqMWE_c2zHjN1z9Po8jJO_uzVHjNJz3BM1_7YUiFiP9oBrBY2gmUEUsnibm-xQcri6i-sy9zBgfYa8uYi8uYFrMYjP3o7UiFiQSuWyMua9fYM9fVjraUEH_1DUMNOQ3-BrBYxgIowrMuhUsthoZFiyfV79fBjraUE3pyObAU7bAHFo_zPbm-X9foxQMz2gcV7guYxgIHi6srFbm-xyBY7g9o7Usti_iUDUSC5rRzwy3hSUstigcuMUiFiPMuarfB5QiUEUSyaUiFiyfhOrRzBrBY2gVYfHiUEHsypo_KDUSCaq3oB9f-2gmUEo_1Fbm-SQfVD9fBjUstpwe?dv=desktop&r=https%3A%2F%2Fwww.tokopedia.com%2Fchocoapple%2Foneplus-9-one-plus-9-5g-ram-8gb-256gb-128gb-sd888-garansi-1-tahun-8gb-128gb%3Fsrc%3Dtopads&src=directory&page=3&t=desktop&management_type=1
Apple iPhone SE 2020 SE 2 128GB Black / White / Red Garansi Resmi iBoxRp8.250.000Jakarta Baratchocoapple(12),Rp8.250.000,5,Jakarta Baratchocoapple,https://ta.tokopedia.com/promo/v1/clicks/8a-xgVY2gmUEosrFHsHpHAyDUMVj9RzNrc1i6sJDUSC5rfB7q3YXUstObm-7q3OBUsthosHFHseOHpUdbm-srcHi6syOHmFiy3zwrfo5rM1i6sUN6mdR6_yaHsKR6_KFHpyabm-pHOYDQfri6i-B812kgJxGgBBXZSgjH7NDZ325q1OAoACoqj1O_jzCo1OkgRB68jVR_jz-8JN_Z9o-Q1dFyfFN8B29zSBgHMP2_fB-Hjhkqpz6qMrO_OzuHjOE_9xvzcHp_SB-r7BWPchB3czfyfOZgMHa_SgsQuu2_fB-P7B2PfBiQ_BO3_-uq1Y2Z9B6zOj7_jzgHJN2HA-guOgt_VzzH1YJu9zguOJO_1Hhq1NIzMhoHjuN__-6qOB1yfBHe72fyfODQMV9o3gqzOgR3A-Dq7BkQfBoe7BpZ37N83V9gICiQABRyf7Nqfz9_sCyHMh0Z325q1OAZ9o-Q_BNyuPjrc-D692xzpBR3A-Dq7BkQfBoe7BpZ3NcHu2yZsuyHO-t3sooq1Y2ZMgoqB-M_1ydPOxEeMgy8j-M_1ydPOxEe3BHe72E3_UN8u2363BsQ_jpyp-uq1Y2Z9BvucPO_S20HjOkZ_z68MD7_1zoHjO2Z9o-QjNkysoGQVKp_Mhg3J2ky1o-ojBkZ_o68_e7_1zsH1OE1_zo8BuN_7z0P7N2Zsjibm-Orfua9fBjUstiHmUDUMVDgaUEUMoxPcuSQR-N9f-N9RCaQfzOyReibm-XP3Oig9-wQfgwy3zpUsthoZFiQSuWyMua9fVjrOYag9Ji6sJObm-sy9zwq3zpUs2Qos1DHseDHpnOou7DUMNwyfVXgcBjy9zB9fVjraUEopnDUMVi9RzBrRei6i-6UiFircYpPVYxQcri6i-jg3yibm-fg9-pq3YXUstiPsUibm-sQIupPcua9fBj9RyaUstao_JN6ZFirI-2yfuwyMBjUstfo_nDUMP5y3hwq3ei6soY?management_type=1&t=desktop&r=https%3A%2F%2Fwww.tokopedia.com%2Fchocoapple%2Fapple-iphone-se-2020-se-2-128gb-black-white-red-garansi-resmi-ibox-black%3Fsrc%3Dtopads&src=directory&page=3&dv=desktop
Xiaomi Redmi 9C - 3/32GB - GARANSI RESMI PT. XIAOMI INDONESIARp1.385.000BandungSmile Mobile Phone Shop(157),Rp1.385.000,5,BandungSmile Mobile Phone Shop,https://www.tokopedia.com/smilemobile/xiaomi-redmi-9c-3-32gb-garansi-resmi-pt-xiaomi-indonesia-orange?whid=0
"HP realme 8 8/128GB [Super AMOLED, 64MP AI Quad Camera, Helio G95]Rp3.599.000Tangerangrealme Official Store(275)Bisa Tukar Tambah",Rp3.599.000,5,Tangerangrealme Official Store,https://www.tokopedia.com/realme/hp-realme-8-8-128gb-super-amoled-64mp-ai-quad-camera-helio-g95-cyber-black?whid=0
Xiaomi Redmi Note 9 6/128 GB Garansi ResmiRp2.381.000Jakarta PusatGudang-HP(2432)Bisa Tukar Tambah,Rp2.381.000,5,Jakarta PusatGudang-HP,https://www.tokopedia.com/gudang-hp/xiaomi-redmi-note-9-6-128-gb-garansi-resmi-hijau?whid=0
Iphone 11 Pro Max 256gb Bekas FullsetRp12.400.000Jakarta BaratBoboy Store(107)Bisa Tukar Tambah,Rp12.400.000,5,Jakarta BaratBoboy Store,https://www.tokopedia.com/lionelboy/iphone-11-pro-max-256gb-bekas-fullset-grey?whid=0
Infinix Hot 10 Play [3GB/32GB] - Garansi Resmi InfinixRp1.330.000Jakarta TimurWahana Selular(114)Bisa Tukar Tambah,Rp1.330.000,5,Jakarta TimurWahana Selular,https://www.tokopedia.com/wahanaselular/infinix-hot-10-play-3gb-32gb-garansi-resmi-infinix-green?whid=0
Vivo V21 5G 8/128 GB Garansi Resmi Vivo IndonesiaRp4.950.000Jakarta Baratduniagadgetku(17),Rp4.950.000,5,Jakarta Baratduniagadgetku,https://ta.tokopedia.com/promo/v1/clicks/8a-xgVY2gmUEH_Jho_1hosHhbm-xgVY789CBUsthbm-FQRo2PcB5QiUEHZFiPcBWgZUEH_ypHAU7o_HpHmFiyRCsUstRHAnDUMVj9RosQR-BUsta6_yX6AJRHArN6AJR6AJOo_rDUSHp9fh5gaUEUMuNZM2jZJ2M33NGPMep_Mh-qMY2_uH78JNJZ9P6zJuE_Oz0P7OJe_oouJ7OZ3BRqujp1SByH7ND3uxGqMVAZ_g-qjBO_BzS8jY1ypuo8jj7_uzgH1OEypC681BpZ3O7QcuygIgsQu-Myp-6PMoWu3Bvq1BRZ3BRq3-W69ugHBu2_fB-HJNI_9BquOJ7_OHFPO21uMhHuV-D_32-PJY1e_-61pCd_S2oP7Nk_9Pgqj7h_jzoq1hAZSgsQ3hXyurOgB2IuSPyHMh0Z325q1OAZ9o-Q_BNyuPjrc-D69PsQ_B0gVP6HVKaQcW-qMY2_1o-r7BW69BxufzFyMFN8MVI69PyHMh0Z325q1OAZ9o-Qjyh3BxGouKp1MxqH7O2_fBGgjOk1MgozsxR3I2mgBxEeMgozsxR3I2Cq1hAZS2gHsBN3ByNq3oW6_osHBu2_fB-81Y139uvzJ1p_1zso1YJz_ovzJ1h_Bzsq1hAZS2gHsBN3ByN8B29zSBgHMP2_fB-81YJ19u6qjuR_uzoH7Ok__C6uJJO_MBG6ZUDUSupg9-wq3ei6iUFUiFiy3hSUstiyfV7g3P5rSBwySBwrI-5gIusPmUDUMNOQ3-BrBY5gBYxgIHi6sJObm-XP3Oig9-wy3zp9R-BrZUEH_1DUMoxPVY2gIHi6BDfoZFaomFpHA179ZFiQBYsy3Njq3zxPcuwy3zpUstRHmFiy3-wPcupPmUEUjdibm-FQRo79fVDgaUEUMzBgiUDUSgBrSo2Qfdi6i-fHiUDUMoDP9o7g9-wq3zwPsUi6sJd6AjNbm-FrMBsguYiq3ei6srFHmFigfYxQVY2gmUEHR7?dv=desktop&r=https%3A%2F%2Fwww.tokopedia.com%2Fduniagadgetku%2Fvivo-v21-5g-8-128-gb-garansi-resmi-vivo-indonesia-sunset-dazzle%3Fsrc%3Dtopads&page=4&t=desktop&src=directory&management_type=1
iPhone Xr 128GB SECOND DUAL SIM ORIGINAL fullset no minus All operatorRp6.399.000Jakarta BaratYJB IPHONE STORE,Rp6.399.000,0,Jakarta BaratYJB IPHONE STORE,https://ta.tokopedia.com/promo/v1/clicks/8a-xgVY2gmUEH_UpHpKpHsnfbm-xgVY789CBUsthbm-FQRo2PcB5QiUEHiFiPcBWgZUEH_ypHAU7o_HpHmFiyRCsUstRHAnDUMVj9RosQR-BUsta6_yXHAndosKOHsj7HpyhHsrDUSHp9fh5gaUEUMuNZM2jZJ2M33NGPMep_Mh-qMY2_uzzP1OkgpV68j1F_32SH1NEz_CoqMrhZ3BRqujp1SByH7ND3uxGqMVAZ_g-qjOO_92So1YJ_9P6uJJ7_jzsHJN1yp--q9P2y_-3o3ea69BqzsBE3_UN8u2_Z_g-qjV2_JoGP3Uao32q17jfZ32zHVBEZMhqzcrO_VzmQJN9u9z6zOuN_3jFo1OJ3_VHuJ1p_92CHjOEeMBo8B1F_9B-r7BW69BxufzFyMFNqO2yeMgxuOV2_fB-P7B2PfBiH72F3s-DPuKpeSBiHBUh3_oZgMV913Bvq1BRZ3BRq3UpZSCqHMhO3Ao6QfUpeMgxuOV2_fB-P7B2PfBs3VgDyfNDgMzIzMNs81jfZ3Fd81Nc6IPy8j-M_1yNgjOc6IPy8j-M_1o-r7BX_M2iH72D3A-G83UpgI2q17jfZ32-o1N2oIPozcra_7zu81Y11926qjuN_SB-r7BX_M2iH72D3Ao6QVByZM2xe7jfZ32-H7N_oI2ozJBR_BzSHjN1u_zo8Bu2gBJYvZUDUSupg9-wq3ei6iUFUiFiy3hSUstiyfV7g3P5rSBwySBwrI-5gIusPmUDUMNOQ3-BrBY5gBYxgIHi6sJObm-XP3Oig9-wy3zp9R-BrZUEH_1DUMoxPVY2gIHi6BDfoZFaomFpHA1O9ZFiQBYsy3Njq3zxPcuwy3zpUstRHmFiy3-wPcupPmUEUjdibm-FQRo79fVDgaUEUMzBgiUDUSgBrSo2Qfdi6i-fHiUDUMoDP9o7g9-wq3zwPsUi6srRH_HDUSCaq3oB9f-2gmUEopnFbm-SQfVD9fBjUstpwe?t=desktop&dv=desktop&page=4&r=https%3A%2F%2Fwww.tokopedia.com%2Fyjbiphone%2Fiphone-xr-128gb-second-dual-sim-original-fullset-no-minus-all-operator%3Fsrc%3Dtopads&management_type=2&r_replacement=new&src=directory
PROMO OPPO F1S RAM 4/32GB GARANSI DISTRIBUTOR 1 TAHUNRp889.000Jakarta Utaratoko samsul huda(2),Rp889.000,5,Jakarta Utaratoko samsul huda,https://ta.tokopedia.com/promo/v1/clicks/8a-xgVY2gmUEH_Uposr76_Jdbm-xgVY789CBUsthbm-FQRo2PcB5QiUEHaFiPcBWgZUEH_ypHAU7o_HpHmFiyRCsUst7o_nDUMVj9RosQR-BUsta6_1X6_HpH_HpH_1do_UpoZFirpowQcYSUstig9BGqMzUZMggQj2fgAo6QJBkQfBoq_eO_OzzP7O1z_u68BBR_jzso1OJ192-q9P23_oZ8uKp_Mhg3J2ky1o-ojBku9uoucrp_92Vo1YJgpC68jja_32-H1B2PfBxHByOgAUN8u2c692gHsBN3Bo-ojBke3BHe72OysUOqB2_Z_g-qBJF392GQV2JgpuHuJ-D_BPuPJNIu9Boq_nO_1zgH1h1z_oo8jJa_92mq1OEu_Co81BpZ37N83V9gICiQAB03BxmgMV913Bvq1BRZ3BRq3UpZSCqHMhO3Aom83Ua1sVgHO-MyuPzq1Y2Z9P-q9P2ysoGrVtaQIuyH7N5ysomgMV913Bvq1BRZ3BRq3oyuMhsQMhMgJPcQMoNZ_g-QAxN_jydPOxEeMgozsBM_1ydPOxEeMgoe7BpZ3N6qMUpZMhyHj2Nysoj8B2_Z_g-qjjO_BH7o1OE_9xo8jOd_BzSH1Ok__V-q9P2yp-6PMoWuMgsHBgtyfO6Q7BkQfBoqMPR_c2oHjNJ3_-ozVuN_S2So1OkgfBM1_7YUiFiP9oBrBY2gmUEUsnibm-xQcri6i-sy9zBgfYa8uYi8uYFrMYjP3o7UiFiQSuWyMua9fYM9fVjraUEH_1DUMNOQ3-BrBYxgIowrMuhUsthoZFiyfV79fBjraUE3pyObAU7bAHFo_zPbm-X9foxQMz2gcV7guYxgIHi6srFbm-xyBY7g9o7Usti_iUDUSC5rRzwy3hSUstigcuMUiFiPMuarfB5QiUEUSyaUiFiyfhOrRzBrBY2gVYfHiUEH_Kd6_jDUSCaq3oB9f-2gmUEoA1Fbm-SQfVD9fBjUstpwe?dv=desktop&page=4&management_type=1&t=desktop&r=https%3A%2F%2Fwww.tokopedia.com%2Ftokosamsulhuda%2Fpromo-oppo-f1s-ram-4-32gb-garansi-distributor-1-tahun%3Fsrc%3Dtopads&src=directory
Iphone 8 Plus 64gb Bekas FullsetRp4.400.000Jakarta BaratBoboy Store(482),Rp4.400.000,5,Jakarta BaratBoboy Store,https://ta.tokopedia.com/promo/v1/clicks/8a-xgVY2gmUEHpyhHAjdHseDUMVj9RzNrc1i6sJDUSC5rfB7q3YXUst7bm-7q3OBUsthosHFHseOHpHFbm-srcHi6syFHmFiy3zwrfo5rM1i6sUNoZdO6AUaosjdosUFo_KfomFirpowQcYSUstig9BGqMzUZMggQj2fgAo6QJBkQfBoe7BpZ3O6HcoD692qu7gN3_-Sq1Y2Z_VHqMHh_1zso1YJyRBoqjJF_jzs81YJu3BHe72a3BxDHfUpZMWyH7NkysoGQJBkQfBoe7BpZ37OPM-W_Mh-qMY2_jzZqjOWuMWvzcW7_1PuHu2_HACquJBN_Vz0P7Nku9zoucoE_1zg8jOIZ926uVVEZ3BRq3UpZSCqHMhO3A-ZQcoc69Cqe7jfZ32Cq1hAZSgsQ3hXyurOgMoUZSgqZVgkgJyNrV2AZ_g-qjV2_JoGPMoWQcNxupuMyp-tPMoc69Cqe7jfZ32Cq1hAZSxjuOgNguyNHVB9gI2-qMY23I2-HVxEeMgozsxR3AJdPOxEeMgozsxRZ3BRq3Ha_SgsQugM33NGPMep_Mh-qMY2_320H1hku_zoqjja_OzSHjOke_VvzVjFZ3BRq3Ha_SgsQugMyp-3qcoW_MY-qMY2_32so1hk1_-ozcDF_jzoH1OJz9xo8MPEZ3dFvZUDUSupg9-wq3ei6iUFUiFiy3hSUstiyfV7g3P5rSBwySBwrI-5gIusPmUDUMNOQ3-BrBY5gBYxgIHi6sJObm-XP3Oig9-wy3zp9R-BrZUEH_1DUMoxPVY2gIHi6BDfoZFaomFpHA1O9ZFiQBYsy3Njq3zxPcuwy3zpUstRHmFiy3-wPcupPmUEUjdibm-FQRo79fVDgaUEUMzBgiUDUSgBrSo2Qfdi6i-fHiUDUMoDP9o7g9-wq3zwPsUi6sr7omFirI-2yfuwyMBjUstfHAnDUMP5y3hwq3ei6soY?t=desktop&r=https%3A%2F%2Fwww.tokopedia.com%2Flionelboy%2Fiphone-8-plus-64gb-bekas-fullset-grey%3Fsrc%3Dtopads&page=4&dv=desktop&src=directory&management_type=1
OPPO A31 4/128GB - FULLSET - GRADE ARp1.850.000Jakarta PusatSinar Mutiara Official Store,Rp1.850.000,0,Jakarta PusatSinar Mutiara Official Store,https://ta.tokopedia.com/promo/v1/clicks/8a-xgVY2gmUEH_UaHpKaH_rabm-xgVY789CBUsthbm-FQRo2PcB5QiUEoZFiPcBWgZUEH_ypHAU7o_HpHmFiyRCsUstRo_nDUMVj9RosQR-BUsta6_1Xo_rOHsyF6_1FoAyhHiFirpowQcYSUstig9BGqMzUZMggQj2fgAo6QJBkQfBouJOO_92o8jOE_92o8jOE_92o8jOE__C-q9P23_oZ8uKp_Mhg3J2ky1o-ojBk_9uozVuE_jzoH1O1z_C6uJVE_7zVHjN_Z9o-Q9zDguxjPMoW1MgsHjNfyfOuq1Y2Z9P-q9P2yM7NPujau3Bvq1jF_jPo8u291_zv1pCR3Bz3QJh11MhoqjB7_OzCHjN_HIx68jOR_M2oPOBk__V6zJO2_JoGPMoWQcNxupuM3jP3POKaQcW-qMY2_1o-r7BW69BxufzFyMFNPfoW63Wju7dF3A-Dq7BkQfBoe7BpZ37N83V9gICiQABEy1rNPOKaQcW-qMY2_1o-r7BXzsVq3JtO3AoZqVtp_3Bvq12M_32ZgjOc6IPy8j-M3I2mgjOc6IPy8jV2_JoG8Bja69BqusB2yf7NHfHau3Bvq1BN_OzuP1N1ypVoqBBR_OzuP7NJ39xoq1BpZ3N6qMUpZMhyH7ND3uxGqMVAZ_g-qjjp_BH7HJNEgRPvzVBN_Ozo8jNJe9B-QsnYUiFiP9oBrBY2gmUEUsnibm-xQcri6i-sy9zBgfYa8uYi8uYFrMYjP3o7UiFiQSuWyMua9fYM9fVjraUEH_1DUMNOQ3-BrBYxgIowrMuhUsthoZFiyfV79fBjraUE3pyObAU7bAHFo_zPbm-X9foxQMz2gcV7guYxgIHi6srFbm-xyBY7g9o7Usti_iUDUSC5rRzwy3hSUstigcuMUiFiPMuarfB5QiUEUSyaUiFiyfhOrRzBrBY2gVYfHiUEoAnOH_nDUSCaq3oB9f-2gmUEop1Fbm-SQfVD9fBjUstpwe?dv=desktop&t=desktop&r=https%3A%2F%2Fwww.tokopedia.com%2Fsinarmutiaraofficial%2Foppo-a31-4-128gb-fullset-grade-a%3Fsrc%3Dtopads&src=directory&page=4&management_type=2
Infinix Hot 10 Play 4/64 RAM 4GB ROM 64GB GARANSI RESMIRp1.545.000BekasiShadow Gold(95)Bisa Tukar Tambah,Rp1.545.000,5,BekasiShadow Gold,https://www.tokopedia.com/shadowgold/infinix-hot-10-play-4-64-ram-4gb-rom-64gb-garansi-resmi-green?whid=0
REDMI NOTE 10S RAM 8/128 RAM 6/64 SUPPORT NFC GARANSI RESMIRp2.699.000TangerangALFASTORE-(37)Bisa Tukar Tambah,Rp2.699.000,5,TangerangALFASTORE-,https://www.tokopedia.com/alfastore-1/redmi-note-10s-ram-8-128-ram-6-64-support-nfc-garansi-resmi-ram-6-64?whid=0
Iphone 11 Pro Max 64 gb 256 gb 512GB Second OriginalRp11.249.000Jakarta Selatanbedjo_store(144)Bisa Tukar Tambah,Rp11.249.000,5,Jakarta Selatanbedjo_store,https://www.tokopedia.com/bedjostore/iphone-11-pro-max-64-gb-256-gb-512gb-second-original-grey-64-gb?whid=0
infinix hot 10s 6/128 garansi resmiRp1.988.000Jakarta Timurpratamaponsel(225),Rp1.988.000,5,Jakarta Timurpratamaponsel,https://www.tokopedia.com/pratamaponsel112/infinix-hot-10s-6-128-garansi-resmi-morandi-green?whid=0
"Apple iPhone X 64GB Second mulus ex internasional,fullsetRp4.598.000Jakarta Pusatcellularline168(122)",Rp4.598.000,5,Jakarta Pusatcellularline168,https://www.tokopedia.com/pembeliituraja/apple-iphone-x-64gb-second-mulus-ex-internasional-fullset?whid=0
Iphone 11 Pro 64gb BekasRp9.800.000Jakarta BaratBoboy Store(166),Rp9.800.000,5,Jakarta BaratBoboy Store,https://ta.tokopedia.com/promo/v1/clicks/8a-xgVY2gmUE6AUao_r7oAJDUMVj9RzNrc1i6sJDUSC5rfB7q3YXUsthbm-7q3OBUsthosHFHseOHpH7bm-srcHi6syFHmFiy3zwrfo5rM1i6sUNHadRo_Udo_HpHsnpop1fbm-pHOYDQfri6i-B812kgJxGgBBXZSgjH7NDZ325q1O_oIB6zcHp_S2VoJOE39Pozcod_92C81B2PfBgHO-N3Ao6QVByZM2xe7jfZ32uP1Ok__-vuJJp_S2oP7NkyR2o8j1pZ3BRq3JausujHsBN3jyN8Bja69Bq17jfZ32Cq1hAZSuiHsuk3Bo-ojBku9BqQuBN_Ozjq1h1gcOqqMW7_jPqqjONHAz6uJuR_VzoouB1Z_-guO2D3926q1NAZ9o-Q_BNyuPjrc-D63Wq3J-MyuPzq1Y2Z9P-q9P2ysoGrVtaQIuyH7-Nys-ZHujp1MgxuOV2_fB-P7B2PfBiH72F3s-DPuKp_MYiH7-MyuPzq1Y2Z9P-q9P2yOx3QcoXQcgjz7gXyRB-ojBD6IB6zsxR3I2mgjOc63gozsxR3I2mgjOAZ9o-QjNkysoGQVKaZSBiHfzE3Bo-ojBkZ_uo8_ep_Bz-oJN1_92oqjVE_S2uHjB2PfBsHjNfyfO3gMHauMxsQ1N5Z325q1OkgpCHqMWE_S2s8JO1qRBvzVuN_1zzHjBXHA7ibm-Orfua9fBjUstiHmUDUMVDgaUEUMoxPcuSQR-N9f-N9RCaQfzOyReibm-XP3Oig9-wQfgwy3zpUsthHmFiQSuWyMua9fVjrOYag9Ji6sJObm-sy9zwq3zpUs2Qos1DHseDHpnOou7DUMNwyfVXgcBjy9zB9fVjraUEopnDUMVi9RzBrRei6i-6UiFircYpPVYxQcri6i-jg3yibm-fg9-pq3YXUstiPsUibm-sQIupPcua9fBj9RyaUst7H_nFomFirI-2yfuwyMBjUstfHAnDUMP5y3hwq3ei6soY?src=directory&page=5&management_type=1&t=desktop&dv=desktop&r=https%3A%2F%2Fwww.tokopedia.com%2Flionelboy%2Fiphone-11-pro-64gb-bekas-64-gb-silver%3Fsrc%3Dtopads
Apple iPhone 7 Plus 128GB RED Garansi 1 TahunRp4.100.000Jakarta UtaraMY IPHONESTORE(5),Rp4.100.000,5,Jakarta UtaraMY IPHONESTORE,https://ta.tokopedia.com/promo/v1/clicks/8a-xgVY2gmUE6A1hHsnhH_rDUMVj9RzNrc1i6sJDUSC5rfB7q3YXUstabm-7q3OBUsthosHFHseOHpH7bm-srcHi6sjOHmFiy3zwrfo5rM1i6sUNHadfo_Ha6_jdHAeOHsJOoaFirpowQcYSUstig9BGqMzUZMggQj2fgAo6QJBkQfBo1pe7_uzoHjYJu9P68MPE_uzS81O1qRB-q9P23_oZ8uKp_Mhg3J2ky1o-ojBk_3BHe72a3BxDHfUpZMWyH7NkysoGQJBkQfBoe7BpZ37OPM-W_Mh-qMY2_BzGQu2kZ_u6HjB7_s-qQ1Y_HACqQ1OE_VzSH1O1e9zo8Mht_32qqV2WuM2oHjjFZ3BRq3UpZSCqHMhO3A-ZQcoc69Cqe7jfZ32Cq1hAZSgsQ3hXyurOgMoUZSgqZVgkgJyNrV2AZ_g-qjV2_JoGPMoWQcNxupuMyp-tPMoc69Cqe7jfZ32Cq1hAZSxjuOgNguyNHVB9gI2-qMY23I2-HVxEeMgozsxR3AJdPOxEeMgozsxRZ3BRq3Ha_SgsQugM33NGPMep_Mh-qMY2_3208jhk3_Vo8jjO_OzSP7NJu9BouV1pZ3BRq3Ha_SgsQugMyp-3qcoW_MY-qMY2_32S8Jhkz9Po8MWd_1z-8jYJgRBouVB2gBJYvZUDUSupg9-wq3ei6iUFUiFiy3hSUstiyfV7g3P5rSBwySBwrI-5gIusPmUDUMNOQ3-BrBY5gBYxgIHi6sJFbm-XP3Oig9-wy3zp9R-BrZUEH_1DUMoxPVY2gIHi6BDfoZFaomFpHA1O9ZFiQBYsy3Njq3zxPcuwy3zpUstRHmFiy3-wPcupPmUEUjdibm-FQRo79fVDgaUEUMzBgiUDUSgBrSo2Qfdi6i-fHiUDUMoDP9o7g9-wq3zwPsUi6sUaoArFbm-FrMBsguYiq3ei6sjOHmFigfYxQVY2gmUEHR7?page=5&src=directory&management_type=2&dv=desktop&r=https%3A%2F%2Fwww.tokopedia.com%2Fmyiphonestore1%2Fapple-iphone-7-plus-128gb-red-garansi-1-tahun%3Fsrc%3Dtopads&t=desktop
Xiaomi Mi 11 Lite 8/128GB NFC Snapdragon™ 732G Smartphone HP AndroidRp3.899.000Kab. TangerangXiaomi Official Store(243),Rp3.899.000,5,Kab. TangerangXiaomi Official Store,https://ta.tokopedia.com/promo/v1/clicks/8a-xgVY2gmUEH_JO6A1FHsJ7bm-xgVY789CBUsthbm-FQRo2PcB5QiUEHaFiPcBWgZUEH_ypHAU7o_HpomFiyRCsUstfHAnDUMVj9RosQR-BUsta6_HXo_KOoAUfos1ao_Uh6ZFirpowQcYSUstig9BGqMzUZMggQj2fgAo6QJBkQfBoepeO_92-oJOEu_zoqjJ7_OzuH1OkZ92-q9P23_oZ8uKp_Mhg3J2ky1o-ojBk19uvucrO_M2CHJY1gpu6qjJF_Oz0q1hAZS-q3cFpysoGqOKp_M2iH72DZ325q1OAZ9o-Q_ufyMO6QJBkQfB6uJ2W3M2-o1daZ9z6HB2W_OHFHV2W_92Hucrh_uzCPJOEQcxoqB2t3MO3qj7aZ_C-q9P2ysoGrVtaQIuyHB-Dy7yNrV2AZ_g-qjV2_JoGPMoWQcNxupuMy7xGPB2UuM2jzsBF3jo-ojBke3BHe72fyfODQMV9o3gsHMxfy7yNrV2AZ_g-qjV2_JoG8cz9uSBBusjF3uPj8jBkQfBy8jjF3I2mgjOc6IPyH_xR3I2mgjOc6IP-q9P2yp-6PMoWuMggQj2fgAo6QJBkQfBoqMWE_c2uoJN119B6qBjh_32u81O1qfBHe72E3_UN8u23692qu7gN3_-Sq1Y2Z9B68MoO_7zCoJNEu_uvuJJO_32sH7O2Zsjibm-Orfua9fBjUstiHmUDUMVDgaUEUMoxPcuSQR-N9f-N9RCaQfzOyReibm-XP3Oig9-wQfgwy3zpUsthHmFiQSuWyMua9fVjrOYag9Ji6sJObm-sy9zwq3zpUs2Qos1DHseDHpnOoV7DUMNwyfVXgcBjy9zB9fVjraUEopnDUMVi9RzBrRei6i-6UiFircYpPVYxQcri6i-jg3yibm-fg9-pq3YXUstiPsUibm-sQIupPcua9fBj9RyaUstaH_JdHaFirI-2yfuwyMBjUstfHAnDUMP5y3hwq3ei6soY?page=5&dv=desktop&t=desktop&src=directory&management_type=1&r=https%3A%2F%2Fwww.tokopedia.com%2Fxiaomi%2Fxiaomi-mi-11-lite-8-128gb-nfc-snapdragon-732g-smartphone-hp-android-boba-black%3Fsrc%3Dtopads
Iphone 11 Pro 256gb Bekas FullsetRp11.000.000Jakarta BaratBoboy Store(178),Rp11.000.000,5,Jakarta BaratBoboy Store,https://ta.tokopedia.com/promo/v1/clicks/8a-xgVY2gmUEo_KNHs1aHAUDUMVj9RzNrc1i6sJDUSC5rfB7q3YXUst7bm-7q3OBUsthosHFHseOHpH7bm-srcHi6syFHmFiy3zwrfo5rM1i6sUNHad7H_eh6AKfosnRos1Obm-pHOYDQfri6i-B812kgJxGgBBXZSgjH7NDZ325q1O2oIB6zJBd_Bz-HJNk3926qMHp_uzoq1hAZM2jZJ2Myp-3qcoW_MY-qMY2_3j7H7OJZ_oozJjp_1z-H7OJZ_oozJjaZ3BRq3JausujHsBN3jyN8Bja69Bq17jfZ32Cq1hAZSuiHsuk3Bo-ojBku9BqQuBN_Ozjq1h1gcOqqMW7_jPqqjONHAz6uJuR_VzoouB1Z_-guO2D3926q1NAZ9o-Q_BNyuPjrc-D63Wq3J-MyuPzq1Y2Z9P-q9P2ysoGrVtaQIuyH7-Nys-ZHujp1MgxuOV2_fB-P7B2PfBiH72F3s-DPuKp_MYiH7-MyuPzq1Y2Z9P-q9P2yOx3QcoXQcgjz7gXyRB-ojBD6IB6zsxR3I2mgjOc63gozsxR3I2mgjOAZ9o-QjNkysoGQVKaZSBiHfzE3Bo-ojBkZ_uo8_eF_uzz8JYJgp-6qjJp_M2uH1B2PfBsHjNfyfO3gMHauMxsQ1N5Z325q1Okyp-Hqj1a_jzzHjNJ3_u6qj1a_320q3gzv_7ibm-Orfua9fBjUstiHmUDUMVDgaUEUMoxPcuSQR-N9f-N9RCaQfzOyReibm-XP3Oig9-wQfgwy3zpUsthHmFiQSuWyMua9fVjrOYag9Ji6sJObm-sy9zwq3zpUs2Qos1DHseDHpnOou7DUMNwyfVXgcBjy9zB9fVjraUEopnDUMVi9RzBrRei6i-6UiFircYpPVYxQcri6i-jg3yibm-fg9-pq3YXUstiPsUibm-sQIupPcua9fBj9RyaUstRoAeDUSCaq3oB9f-2gmUEosnFbm-SQfVD9fBjUstpwe?r=https%3A%2F%2Fwww.tokopedia.com%2Flionelboy%2Fiphone-11-pro-256gb-bekas-fullset-256-gb-grey%3Fsrc%3Dtopads&page=5&t=desktop&dv=desktop&src=directory&management_type=1
HP Murah Itel Vision 2/Itel A26 BARU dan BERGARANSI RESMIRp899.000Kab. Sidoarjonisfuonlinestore(5),Rp899.000,5,Kab. Sidoarjonisfuonlinestore,https://ta.tokopedia.com/promo/v1/clicks/8a-xgVY2gmUEH_JOosnOHsyObm-xgVY789CBUsthbm-FQRo2PcB5QiUEoZFiPcBWgZUEH_ypHAU7o_HpomFiyRCsUstOHAnDUMVj9RosQR-BUsta6_HXHpeaHpJpHsH7H_jfoZFirpowQcYSUstig9BGqMzUZMggQj2fgAo6QJBkQfB61pep_M2081OEe_o6qMWN_92CH7NkqfBHe72kgJxGgMHauMxsQ1N5Z325q1N_oAzvzJBE_Bz-o1NJz9x68BjF_SB-r7BWPchB3czfyfOZgMHa_SgsQuu2_fB-P7B2PfBiQ_BO3_-uq1Y2Z_VoQu2W_320HOB2HAoqQujO_VzZQuBE_9zvzVud_1HF8jY9z9B6Q1gW3BPo8BBk13BHe72fyfODQMV9o3gqzOgR3A-Dq7BkQfBoe7BpZ37N83V9gICiQABRyf7Nqfz9_sCyHMh0Z325q1OAZ9o-Q_BNyuPjrc-D692xzpBR3A-Dq7BkQfBoe7BpZ3NcHu2yZsuyHO-t3sooq1Y2ZMgoqB-M_1ydPOxEeMgy8j-M_1ydPOxEe3BHe72E3_UN8u2363BsQ_jpyp-uq1Y2Z9BvuJOO_92z81OEz92oqj7F_uz0HjN_Z9o-QjNkysoGQVKp_Mhg3J2ky1o-ojBkZ_zo1pzR_jzuoJO1yp-68B1a_92-q3gzv_7ibm-Orfua9fBjUstiHmUDUMVDgaUEUMoxPcuSQR-N9f-N9RCaQfzOyReibm-XP3Oig9-wQfgwy3zpUsthHmFiQSuWyMua9fVjrOYag9Ji6sJObm-sy9zwq3zpUs2Qos1DHseDHpnOoV7DUMNwyfVXgcBjy9zB9fVjraUEopnDUMVi9RzBrRei6i-6UiFircYpPVYxQcri6i-jg3yibm-fg9-pq3YXUstiPsUibm-sQIupPcua9fBj9RyaUstaHAnObm-FrMBsguYiq3ei6s1FHmFigfYxQVY2gmUEHR7?page=5&r=https%3A%2F%2Fwww.tokopedia.com%2Fnisfuonlinestore%2Fhp-murah-itel-vision-2-itel-a26-baru-dan-bergaransi-resmi-a26-2-32gb%3Fsrc%3Dtopads&t=desktop&management_type=1&dv=desktop&src=directory
(RESMI) Samsung S21 Ultra 256GB 512GB Garansi Indonesia S21 Plus + S21Rp10.740.000Jakarta PusatPutra Group(636)Bisa Tukar Tambah,Rp10.740.000,5,Jakarta PusatPutra Group,https://www.tokopedia.com/putragroup/resmi-samsung-s21-ultra-256gb-512gb-garansi-indonesia-s21-plus-s21-s21-128gb-silver?whid=0
OPPO A54 RAM 6/128 GB GARANSI RESMI OPPO INDONESIARp2.119.000Jakarta BaratHERO PONSEL.(94)Bisa Tukar Tambah,Rp2.119.000,5,Jakarta BaratHERO PONSEL.,https://www.tokopedia.com/heroponsell/oppo-a54-ram-6-128-gb-garansi-resmi-oppo-indonesia-demo-tanpa-dus?whid=0
Xiaomi Redmi 9T 4/64GB + 6/128GB Garansi ResmiRp2.309.000Jakarta Baratduniagadgetku(389),Rp2.309.000,5,Jakarta Baratduniagadgetku,https://www.tokopedia.com/duniagadgetku/xiaomi-redmi-9t-4-64gb-6-128gb-garansi-resmi-6-128-green?whid=0
Apple iPhone X- 256GB 100% ORIGINAL (GARANSI 1 Tahun)Rp5.450.000Jakarta PusatBLIZT APPLE STORE(224),Rp5.450.000,5,Jakarta PusatBLIZT APPLE STORE,https://www.tokopedia.com/blizt/apple-iphone-x-256gb-100-original-garansi-1-tahun-silver?whid=0
Xiaomi Poco M3 4/64 GB - Garansi ResmiRp1.824.000CirebonAA Shop Online(127),Rp1.824.000,5,CirebonAA Shop Online,https://www.tokopedia.com/aa-shop-online/xiaomi-poco-m3-4-64-gb-garansi-resmi-biru?whid=0
infinix note 8 6/64 garansi resmiRp2.068.000Jakarta UtaraEN.Harry phone(133),Rp2.068.000,5,Jakarta UtaraEN.Harry phone,https://www.tokopedia.com/enharry/infinix-note-8-6-64-garansi-resmi-silver?whid=0
SAMSUNG GALAXY A12 6/128 GB GARANSI RESMIRp2.490.000BogorBuitenzorg Cellular(204),Rp2.490.000,5,BogorBuitenzorg Cellular,https://www.tokopedia.com/buitenzorg2701/samsung-galaxy-a12-6-128-gb-garansi-resmi-hitam?whid=0
Iphone XS 64gb Bekas FullsetRp5.650.000Jakarta BaratBoboy Store(515)Bisa Tukar Tambah,Rp5.650.000,5,Jakarta BaratBoboy Store,https://www.tokopedia.com/lionelboy/iphone-xs-64gb-bekas-fullset-64-gb-grey-black?whid=0
Iphone 8 64 GB Fullset Second Original 100% Mulus - Like NewRp2.800.000Jakarta UtaraAA Store168(110)Bisa Tukar Tambah,Rp2.800.000,5,Jakarta UtaraAA Store168,https://www.tokopedia.com/astore168/iphone-8-64-gb-fullset-second-original-100-mulus-like-new-batangan?whid=0
Samsung Galaxy M31 [6/128GB]Rp2.999.000Jakarta UtaraSAMSUNG ACC(68),Rp2.999.000,5,Jakarta UtaraSAMSUNG ACC,https://www.tokopedia.com/samsungacc/samsung-galaxy-m31-6-128gb-space-black-ffeb?whid=0
Apple iPhone 11 128 GB Garansi ResmiRp10.350.000Jakarta Pusatjikalaku(73),Rp10.350.000,5,Jakarta Pusatjikalaku,https://www.tokopedia.com/jikalaku/apple-iphone-11-128-gb-garansi-resmi-black?whid=0
Samsung Galaxy A72 8/256 GB Garansi Resmi SEINRp6.130.000Jakarta PusatGudang-HP(85)Bisa Tukar Tambah,Rp6.130.000,5,Jakarta PusatGudang-HP,https://www.tokopedia.com/gudang-hp/samsung-galaxy-a72-8-256-gb-garansi-resmi-sein-putih?whid=0
Samsung S21 Ultra 256GB - Garansi RESMIRp16.000.000DepokGesrek Phone(37)Bisa Tukar Tambah,Rp16.000.000,5,DepokGesrek Phone,https://www.tokopedia.com/gesrek/samsung-s21-ultra-256gb-garansi-resmi-phantom-black?whid=0
Samsung Galaxy A72 8/128 8/256 Kamera 4K GB RAM 8 ROM 128 256 ResmiRp5.999.000Jakarta PusatSUPER_GADGET(340)Bisa Tukar Tambah,Rp5.999.000,5,Jakarta PusatSUPER_GADGET,https://www.tokopedia.com/supergadgettt/samsung-galaxy-a72-8-128-8-256-kamera-4k-gb-ram-8-rom-128-256-resmi-awesome-black-a72-8-128gb?whid=0
XIAOMI REDMI NOTE 9 6/128 GARANSI RESMIRp2.379.000Jakarta Pusatjikalaku(223),Rp2.379.000,5,Jakarta Pusatjikalaku,https://www.tokopedia.com/jikalaku/xiaomi-redmi-note-9-6-128-garansi-resmi-merah?whid=0
Apple iPhone 12 Mini 64GB 128GB 256GB 64 128 256 GB Resmi TAM iBoxRp11.118.000Jakarta Baratchocoapple(42)Bisa Tukar Tambah,Rp11.118.000,5,Jakarta Baratchocoapple,https://www.tokopedia.com/chocoapple/apple-iphone-12-mini-64gb-128gb-256gb-64-128-256-gb-resmi-tam-ibox-64gb?whid=0
ITEL VISION 1 PRO 2/32GB GARANSI RESMIRp990.000KediriGarden Cell Official(61)Bisa Tukar Tambah,Rp990.000,5,KediriGarden Cell Official,https://www.tokopedia.com/gardencell/itel-vision-1-pro-2-32gb-garansi-resmi-cosmic-shine?whid=0
XIAOMI POCO F3 RAM 8/256 GB GARANSI RESMIRp5.280.000Jakarta PusatQ-Store Pedia(153)Bisa Tukar Tambah,Rp5.280.000,5,Jakarta PusatQ-Store Pedia,https://www.tokopedia.com/q-storepedia/xiaomi-poco-f3-ram-8-256-gb-garansi-resmi-biru?whid=0
Samsung Galaxy M21 4/64GB 4 GB / 64 GB SEIN Garansi resmiRp2.487.000Jakarta SelatanYoofix(267),Rp2.487.000,5,Jakarta SelatanYoofix,https://www.tokopedia.com/wwwyoofixcom/samsung-galaxy-m21-4-64gb-4-gb-64-gb-sein-garansi-resmi-bekas?whid=0
iPhone XR 256GB 128GB 64GB Garansi Resmi TAM IBOX - Black White RedRp7.525.000Jakarta BaratStudio Ponsel(247)Bisa Tukar Tambah,Rp7.525.000,5,Jakarta BaratStudio Ponsel,https://www.tokopedia.com/studioponsel/iphone-xr-256gb-128gb-64gb-garansi-resmi-tam-ibox-black-white-red-64gb-black-3fe9?whid=0
Infinix Hot 10S 6/128 GB Garansi ResmiRp2.008.000Jakarta PusatGarasi.ku(57)Bisa Tukar Tambah,Rp2.008.000,5,Jakarta PusatGarasi.ku,https://www.tokopedia.com/garasii/infinix-hot-10s-6-128-gb-garansi-resmi-hijau?whid=0
Xiaomi Redmi 9T 4/64 GB - Garansi ResmiRp1.979.000SurabayaPeace Cell Marina Online(72),Rp1.979.000,5,SurabayaPeace Cell Marina Online,https://www.tokopedia.com/peacecellmarina/xiaomi-redmi-9t-4-64-gb-garansi-resmi-carbon-gray?whid=0
Samsung Galaxy A32 8/128 GB Garansi Resmi SEINRp3.535.000Jakarta PusatPRISMA ROXY(32)Bisa Tukar Tambah,Rp3.535.000,5,Jakarta PusatPRISMA ROXY,https://www.tokopedia.com/prismaroxy/samsung-galaxy-a32-8-128-gb-garansi-resmi-sein-hitam?whid=0
Mystery box Elektronik spesial BrainCompRp560.000BekasiBraincomp(34),Rp560.000,5,BekasiBraincomp,https://www.tokopedia.com/braincomp/mystery-box-elektronik-spesial-braincomp-mysterybox-2021-mysterbox-1-2?whid=0
Samsung Galaxy A12 4/128 dan 6/128 GaransiRp2.197.000Jakarta Selatanvandegames(193),Rp2.197.000,5,Jakarta Selatanvandegames,https://www.tokopedia.com/vandegames/samsung-galaxy-a12-4-128-dan-6-128-garansi-random?whid=0
Xiaomi Redmi Note 10S 8/128 NFC Garansi ResmiRp3.120.000Jakarta UtaraMobile Store On(48),Rp3.120.000,5,Jakarta UtaraMobile Store On,https://www.tokopedia.com/mobilestoree/xiaomi-redmi-note-10s-8-128-nfc-garansi-resmi-onyx-gray?whid=0
Samsung Galaxy A32 8/128 RAM 8GB 128GB Garansi Resmi Samsung IndonesiaRp3.518.000Jakarta UtaraVote VIP(58)Bisa Tukar Tambah,Rp3.518.000,5,Jakarta UtaraVote VIP,https://www.tokopedia.com/votevip/samsung-galaxy-a32-8-128-ram-8gb-128gb-garansi-resmi-samsung-indonesia-hitam?whid=0
Samsung Galaxy A52 8/256 RAM 8GB ROM 128GB GARANSI RESMI SEINRp5.228.000Jakarta PusatAltec Cellular(39)Bisa Tukar Tambah,Rp5.228.000,5,Jakarta PusatAltec Cellular,https://www.tokopedia.com/alteccellular/samsung-galaxy-a52-8-256-ram-8gb-rom-128gb-garansi-resmi-sein-white?whid=0
Samsung Galaxy A52 8/128 RAM 8GB Internal 128GB Garansi Resmi SEINRp4.764.000Jakarta UtaraVote VIP(68)Bisa Tukar Tambah,Rp4.764.000,5,Jakarta UtaraVote VIP,https://www.tokopedia.com/votevip/samsung-galaxy-a52-8-128-ram-8gb-internal-128gb-garansi-resmi-sein-hitam?whid=0
Samsung Galaxy A52 8/256 RAM 8GB Internal 256GB Garansi Resmi SEINRp5.066.000Jakarta UtaraVote VIP(68)Bisa Tukar Tambah,Rp5.066.000,5,Jakarta UtaraVote VIP,https://www.tokopedia.com/votevip/samsung-galaxy-a52-8-256-ram-8gb-internal-256gb-garansi-resmi-sein-hitam?whid=0
